PortfolioID,TradeID,CollectRegulations,ProductClass,RiskType,Qualifier,Bucket,Label1,Label2,Amount,AmountCurrency,AmountUSD
C465,C465.S_IR_1,All,RatesFX,Risk_IRCurve,USD,1,2w,OIS,4424160000,KRW,4000000
C465,C465.S_IR_2,All,RatesFX,Risk_IRCurve,USD,1,3m,Municipal,-3318120000,KRW,-3000000
C465,C465.S_IR_3,All,RatesFX,Risk_IRCurve,USD,1,1y,Municipal,2212080000,KRW,2000000
C465,C465.S_IR_4,All,RatesFX,Risk_IRCurve,USD,1,1y,Prime,3318120000,KRW,3000000
C465,C465.S_IR_5,All,RatesFX,Risk_IRCurve,USD,1,1y,Prime,-1106040000,KRW,-1000000
C465,C465.S_IR_6,All,RatesFX,Risk_IRCurve,EUR,1,3y,Libor3m,-2212080000,KRW,-2000000
C465,C465.S_IR_7,All,RatesFX,Risk_IRCurve,EUR,1,3y,Libor6m,5530200000,KRW,5000000
C465,C465.S_IR_8,All,RatesFX,Risk_IRCurve,EUR,1,5y,Libor12m,11060400000,KRW,10000000
C465,C465.S_IR_9,All,RatesFX,Risk_IRCurve,EUR,1,5y,Libor12m,27651000000,KRW,25000000
C465,C465.S_IR_10,All,RatesFX,Risk_IRCurve,EUR,1,10y,Libor12m,38711400000,KRW,35000000
C465,C465.S_IR_11,All,RatesFX,Risk_IRCurve,AUD,1,1m,Libor3m,2212080000,KRW,2000000
C465,C465.S_IR_12,All,RatesFX,Risk_IRCurve,AUD,1,6m,Libor3m,3318120000,KRW,3000000
C465,C465.S_IR_13,All,RatesFX,Risk_IRCurve,AUD,1,2y,Libor3m,-2212080000,KRW,-2000000
C465,C465.S_IR_14,All,RatesFX,Risk_IRCurve,CHF,1,15y,Libor6m,-4424160000,KRW,-4000000
C465,C465.S_IR_15,All,RatesFX,Risk_IRCurve,CHF,1,20y,Libor6m,11060400000,KRW,10000000
C465,C465.S_IR_16,All,RatesFX,Risk_IRCurve,CHF,1,30y,Libor6m,13272480000,KRW,12000000
C465,C465.S_IR_17,All,RatesFX,Risk_Inflation,CHF,,,,-11060400000,KRW,-10000000
C465,C465.S_IR_18,All,RatesFX,Risk_XCcyBasis,CHF,,,,33181200000,KRW,30000000
C465,C465.S_IR_19,All,RatesFX,Risk_IRCurve,JPY,2,2w,Libor1m,-1106040000,KRW,-1000000
C465,C465.S_IR_20,All,RatesFX,Risk_IRCurve,JPY,2,1m,Libor1m,-1659060000,KRW,-1500000
C465,C465.S_IR_21,All,RatesFX,Risk_IRCurve,JPY,2,3m,Libor3m,1659060000,KRW,1500000
C465,C465.S_IR_22,All,RatesFX,Risk_IRCurve,JPY,2,6m,Libor3m,2212080000,KRW,2000000
C465,C465.S_IR_23,All,RatesFX,Risk_IRCurve,JPY,2,1y,Libor6m,3318120000,KRW,3000000
C465,C465.S_IR_24,All,RatesFX,Risk_IRCurve,JPY,2,2y,Libor6m,4424160000,KRW,4000000
C465,C465.S_IR_25,All,RatesFX,Risk_IRCurve,JPY,2,3y,Libor6m,5530200000,KRW,5000000
C465,C465.S_IR_26,All,RatesFX,Risk_IRCurve,JPY,2,5y,Libor12m,22120800000,KRW,20000000
C465,C465.S_IR_27,All,RatesFX,Risk_IRCurve,JPY,2,10y,Libor12m,55302000000,KRW,50000000
C465,C465.S_IR_28,All,RatesFX,Risk_IRCurve,JPY,2,15y,Libor12m,-1106040000,KRW,-1000000
C465,C465.S_IR_29,All,RatesFX,Risk_IRCurve,JPY,2,20y,Libor12m,-2212080000,KRW,-2000000
C465,C465.S_IR_30,All,RatesFX,Risk_IRCurve,JPY,2,30y,Libor12m,3318120000,KRW,3000000
C465,C465.S_IR_31,All,RatesFX,Risk_Inflation,JPY,,,,16590600000,KRW,15000000
C465,C465.S_IR_32,All,RatesFX,Risk_XCcyBasis,JPY,,,,553020000,KRW,500000
C465,C465.S_IR_33,All,RatesFX,Risk_IRCurve,CNY,3,2w,OIS,1106040000,KRW,1000000
C465,C465.S_IR_34,All,RatesFX,Risk_IRCurve,CNY,3,1m,OIS,1659060000,KRW,1500000
C465,C465.S_IR_35,All,RatesFX,Risk_IRCurve,CNY,3,3m,Libor1m,-553020000,KRW,-500000
C465,C465.S_IR_36,All,RatesFX,Risk_IRCurve,CNY,3,6m,Libor3m,-1106040000,KRW,-1000000
C465,C465.S_IR_37,All,RatesFX,Risk_IRCurve,MXN,3,1y,Libor6m,9954360000,KRW,9000000
C465,C465.S_IR_38,All,RatesFX,Risk_IRCurve,MXN,3,2y,Libor12m,11060400000,KRW,10000000
C465,C465.S_IR_39,All,RatesFX,Risk_IRCurve,MXN,3,3y,OIS,-553020000,KRW,-500000
C465,C465.S_IR_40,All,RatesFX,Risk_IRCurve,MXN,3,5y,OIS,-1106040000,KRW,-1000000
C465,C465.S_IR_41,All,Credit,Risk_IRCurve,BRL,3,10y,Libor6m,15484560000,KRW,14000000
C465,C465.S_IR_42,All,Credit,Risk_IRCurve,BRL,3,15y,Libor6m,22120800000,KRW,20000000
C465,C465.S_IR_43,All,Credit,Risk_IRCurve,BRL,3,20y,Libor12m,-884832000,KRW,-800000
C465,C465.S_IR_44,All,Credit,Risk_IRCurve,BRL,3,30y,Libor12m,-884832000,KRW,-800000
C465,C465.S_IR_45,All,Credit,Risk_Inflation,BRL,,,,2212080000,KRW,2000000
C465,C465.S_IR_46,All,Credit,Risk_XCcyBasis,BRL,,,,-1106040000,KRW,-1000000
C465,C465.S_CRQ_1,All,Credit,Risk_CreditQ,ISIN:BE0934259525,1,1y,USD,884832000,KRW,800000
C465,C465.S_CRQ_2,All,Credit,Risk_CreditQ,ISIN:BE0934259525,1,2y,USD,-331812000,KRW,-300000
C465,C465.S_CRQ_3,All,Credit,Risk_CreditQ,ISIN:CA112585AG91,2,2y,USD,199087200,KRW,180000
C465,C465.S_CRQ_4,All,Credit,Risk_CreditQ,ISIN:CA112585AG91,2,2y,EUR,-199087200,KRW,-180000
C465,C465.S_CRQ_5,All,Credit,Risk_CreditQ,ISIN:CA82028KAP62,3,3y,GBP,199087200,KRW,180000
C465,C465.S_CRQ_6,All,Credit,Risk_CreditQ,ISIN:CA82028KAP62,3,5y,JPY,-110604000,KRW,-100000
C465,C465.S_CRQ_7,All,Credit,Risk_CreditQ,ISIN:FR0000108359,4,5y,USD,199087200,KRW,180000
C465,C465.S_CRQ_8,All,Credit,Risk_CreditQ,ISIN:FR0000108359,4,5y,USD,-110604000,KRW,-100000
C465,C465.S_CRQ_9,All,Credit,Risk_CreditQ,ISIN:CH0010519475,5,10y,USD,199087200,KRW,180000
C465,C465.S_CRQ_10,All,Credit,Risk_CreditQ,ISIN:CH9823105801,5,1y,USD,-110604000,KRW,-100000
C465,C465.S_CRQ_11,All,Credit,Risk_CreditQ,ISIN:DE4830528795,6,2y,EUR,199087200,KRW,180000
C465,C465.S_CRQ_12,All,Credit,Risk_CreditQ,ISIN:GB0862147969,7,3y,GBP,-663624000,KRW,-600000
C465,C465.S_CRQ_13,All,Credit,Risk_CreditQ,ISIN:CA6515779866,8,5y,USD,-110604000,KRW,-100000
C465,C465.S_CRQ_14,All,Credit,Risk_CreditQ,ISIN:FR0003335977,9,10y,USD,199087200,KRW,180000
C465,C465.S_CRQ_15,All,Credit,Risk_CreditQ,ISIN:CA2201568701,10,1y,USD,-110604000,KRW,-100000
C465,C465.S_CRQ_16,All,Credit,Risk_CreditQ,ISIN:CA6130123456,11,2y,USD,199087200,KRW,180000
C465,C465.S_CRQ_17,All,Credit,Risk_CreditQ,ISIN:FR0002226543,12,3y,USD,-110604000,KRW,-100000
C465,C465.S_CRQ_18,All,Credit,Risk_CreditQ,ISIN:UNKNOWN1,Residual,1y,USD,199087200,KRW,180000
C465,C465.S_CRQ_19,All,Credit,Risk_CreditQ,ISIN:UNKNOWN1,Residual,3y,USD,-110604000,KRW,-100000
C465,C465.S_CRQ_20,All,Credit,Risk_CreditQ,ISIN:UNKNOWN2,Residual,3y,EUR,199087200,KRW,180000
C465,C465.S_CRQ_21,All,Credit,Risk_CreditQ,ISIN:UNKNOWN3,Residual,5y,USD,199087200,KRW,180000
C465,C465.S_CRQ_22,All,Credit,Risk_CreditQ,ISIN:UNKNOWN3,Residual,10y,GBP,-110604000,KRW,-100000
C465,C465.S_CRQ_23,All,Credit,Risk_BaseCorr,CDX IG,,,,553020000,KRW,500000
C465,C465.S_CRQ_24,All,Credit,Risk_BaseCorr,CDX IG,,,,-221208000,KRW,-200000
C465,C465.S_CRQ_25,All,Credit,Risk_BaseCorr,iTraxx Main,,,,442416000,KRW,400000
C465,C465.S_CRNQ_1,All,Credit,Risk_CreditNonQ,ISIN:AU3005621011,1,1y,CMBX,6636240000,KRW,6000000
C465,C465.S_CRNQ_2,All,Credit,Risk_CreditNonQ,ISIN:AU3005621011,1,2y,CMBX,3318120000,KRW,3000000
C465,C465.S_CRNQ_3,All,Credit,Risk_CreditNonQ,ISIN:AU3005621011,1,3y,CMBX,-3318120000,KRW,-3000000
C465,C465.S_CRNQ_4,All,Credit,Risk_CreditNonQ,ISIN:DE0314227036,1,2y,ABX,-2212080000,KRW,-2000000
C465,C465.S_CRNQ_5,All,Credit,Risk_CreditNonQ,ISIN:DE0314227036,1,3y,ABX,3318120000,KRW,3000000
C465,C465.S_CRNQ_6,All,Credit,Risk_CreditNonQ,ISIN:DE0314227036,1,5y,ABX,-4424160000,KRW,-4000000
C465,C465.S_CRNQ_7,All,Credit,Risk_CreditNonQ,ISIN:ES0338093059,2,3y,CMBX,-442416000,KRW,-400000
C465,C465.S_CRNQ_8,All,Credit,Risk_CreditNonQ,ISIN:ES0338093059,2,5y,CMBX,-221208000,KRW,-200000
C465,C465.S_CRNQ_9,All,Credit,Risk_CreditNonQ,ISIN:ES0338093059,2,10y,CMBX,221208000,KRW,200000
C465,C465.S_CRNQ_10,All,Credit,Risk_CreditNonQ,ISIN:CA0359093012,2,1y,CMBX,221208000,KRW,200000
C465,C465.S_CRNQ_11,All,Credit,Risk_CreditNonQ,ISIN:CA0359093012,2,3y,CMBX,221208000,KRW,200000
C465,C465.S_CRNQ_12,All,Credit,Risk_CreditNonQ,ISIN:CA0359093012,2,5y,CMBX,-331812000,KRW,-300000
C465,C465.S_CRNQ_13,All,Credit,Risk_CreditNonQ,ISIN:UNKNOWN1,Residual,1y,ABX,442416000,KRW,400000
C465,C465.S_CRNQ_14,All,Credit,Risk_CreditNonQ,ISIN:UNKNOWN2,Residual,2y,CMBX,-221208000,KRW,-200000
C465,C465.S_CRNQ_15,All,Credit,Risk_CreditNonQ,ISIN:UNKNOWN1,Residual,5y,ABX,331812000,KRW,300000
C465,C465.S_CRNQ_16,All,Credit,Risk_CreditNonQ,ISIN:UNKNOWN2,Residual,10y,CMBX,-110604000,KRW,-100000
C465,C465.S_EQ_1,All,Equity,Risk_Equity,ISIN:INE044A01036,1,,,6636240000,KRW,6000000
C465,C465.S_EQ_2,All,Equity,Risk_Equity,ISIN:INE406A01037,1,,,1106040000,KRW,1000000
C465,C465.S_EQ_3,All,Equity,Risk_Equity,ISIN:CNE000000J28,2,,,-2212080000,KRW,-2000000
C465,C465.S_EQ_4,All,Equity,Risk_Equity,ISIN:CNE000000L16,2,,,1106040000,KRW,1000000
C465,C465.S_EQ_5,All,Equity,Risk_Equity,ISIN:RU0009024277,3,,,2212080000,KRW,2000000
C465,C465.S_EQ_6,All,Equity,Risk_Equity,ISIN:RU0009091573,3,,,-1106040000,KRW,-1000000
C465,C465.S_EQ_7,All,Equity,Risk_Equity,ISIN:INE160A01022,4,,,-2212080000,KRW,-2000000
C465,C465.S_EQ_8,All,Equity,Risk_Equity,ISIN:INE467B01029,4,,,-1106040000,KRW,-1000000
C465,C465.S_EQ_9,All,Equity,Risk_Equity,ISIN:US1266501006,5,,,11060400000,KRW,10000000
C465,C465.S_EQ_10,All,Equity,Risk_Equity,ISIN:US28176E1082,5,,,2212080000,KRW,2000000
C465,C465.S_EQ_11,All,Equity,Risk_Equity,ISIN:CA7751092007,6,,,-4424160000,KRW,-4000000
C465,C465.S_EQ_12,All,Equity,Risk_Equity,ISIN:CA85472N1096,6,,,2212080000,KRW,2000000
C465,C465.S_EQ_13,All,Equity,Risk_Equity,ISIN:DE000BASF111,7,,,4424160000,KRW,4000000
C465,C465.S_EQ_14,All,Equity,Risk_Equity,ISIN:DE000A1DAHH0,7,,,-2212080000,KRW,-2000000
C465,C465.S_EQ_15,All,Equity,Risk_Equity,ISIN:US67066G1040,8,,,-4424160000,KRW,-4000000
C465,C465.S_EQ_16,All,Equity,Risk_Equity,ISIN:US8574771031,8,,,-2212080000,KRW,-2000000
C465,C465.S_EQ_17,All,Equity,Risk_Equity,ISIN:BRCESPACNPB4,9,,,442416000,KRW,400000
C465,C465.S_EQ_18,All,Equity,Risk_Equity,ISIN:BRENBRACNOR2,9,,,-2212080000,KRW,-2000000
C465,C465.S_EQ_19,All,Equity,Risk_Equity,ISIN:AU000000API4,10,,,2212080000,KRW,2000000
C465,C465.S_EQ_20,All,Equity,Risk_Equity,ISIN:AU000000CTD3,10,,,-1106040000,KRW,-1000000
C465,C465.S_EQ_21,All,Equity,Risk_Equity,SPX,11,,,1.11E+12,KRW,1000000000
C465,C465.S_EQ_22,All,Equity,Risk_Equity,VPL,11,,,2212080000,KRW,2000000
C465,C465.S_EQ_23,All,Equity,Risk_Equity,EEM,11,,,-1106040000,KRW,-1000000
C465,C465.S_EQ_24,All,Equity,Risk_Equity,VIX,12,,,3318120000,KRW,3000000
C465,C465.S_EQ_25,All,Equity,Risk_Equity,JINV,12,,,2212080000,KRW,2000000
C465,C465.S_EQ_26,All,Equity,Risk_Equity,VSTOXX,12,,,-1106040000,KRW,-1000000
C465,C465.S_EQ_27,All,Equity,Risk_Equity,ISIN:UNKNOWN1,Residual,,,1548456000,KRW,1400000
C465,C465.S_EQ_28,All,Credit,Risk_Equity,ISIN:UNKNOWN3,Residual,,,-331812000,KRW,-300000
C465,C465.S_CM_1,All,Commodity,Risk_Commodity,Coal Americas,1,,,1.66E+11,KRW,150000000
C465,C465.S_CM_2,All,Commodity,Risk_Commodity,Coal Europe,1,,,1106040000,KRW,1000000
C465,C465.S_CM_3,All,Commodity,Risk_Commodity,Crude oil Americas,2,,,1.66E+12,KRW,1500000000
C465,C465.S_CM_4,All,Commodity,Risk_Commodity,Crude oil Asia/Middle East,2,,,-1106040000,KRW,-1000000
C465,C465.S_CM_5,All,Commodity,Risk_Commodity,Light Ends Europe,3,,,-3.98E+11,KRW,-360000000
C465,C465.S_CM_6,All,Commodity,Risk_Commodity,Light Ends Asia,3,,,1106040000,KRW,1000000
C465,C465.S_CM_7,All,Commodity,Risk_Commodity,Middle Distillates Asia,4,,,-11060400000,KRW,-10000000
C465,C465.S_CM_8,All,Commodity,Risk_Commodity,Middle Distillates Europe,4,,,-1106040000,KRW,-1000000
C465,C465.S_CM_9,All,Commodity,Risk_Commodity,Heavy Distillates Americas,5,,,11060400000,KRW,10000000
C465,C465.S_CM_10,All,Commodity,Risk_Commodity,Heavy Distillates Europe,5,,,1106040000,KRW,1000000
C465,C465.S_CM_11,All,Commodity,Risk_Commodity,NA Natural Gas Gulf Coast,6,,,7.19E+11,KRW,650000000
C465,C465.S_CM_12,All,Commodity,Risk_Commodity,NA Natural Gas West,6,,,-1106040000,KRW,-1000000
C465,C465.S_CM_13,All,Commodity,Risk_Commodity,EU Natural Gas Europe,7,,,-11060400000,KRW,-10000000
C465,C465.S_CM_14,All,Commodity,Risk_Commodity,NA Power Eastern Interconnect,8,,,-3.32E+11,KRW,-300000000
C465,C465.S_CM_15,All,Commodity,Risk_Commodity,NA Power ERCOT,8,,,-1106040000,KRW,-1000000
C465,C465.S_CM_16,All,Commodity,Risk_Commodity,EU Power Germany,9,,,11060400000,KRW,10000000
C465,C465.S_CM_17,All,Commodity,Risk_Commodity,EU Power UK,9,,,1106040000,KRW,1000000
C465,C465.S_CM_18,All,Commodity,Risk_Commodity,Freight Wet,10,,,56408040000,KRW,51000000
C465,C465.S_CM_19,All,Commodity,Risk_Commodity,Freight Dry,10,,,-1106040000,KRW,-1000000
C465,C465.S_CM_20,All,Commodity,Risk_Commodity,Base Metals Copper,11,,,-3.32E+11,KRW,-300000000
C465,C465.S_CM_21,All,Commodity,Risk_Commodity,Base Metals Lead,11,,,1106040000,KRW,1000000
C465,C465.S_CM_22,All,Commodity,Risk_Commodity,Precious Metals Gold,12,,,-8.85E+11,KRW,-800000000
C465,C465.S_CM_23,All,Commodity,Risk_Commodity,Precious Metals Silver,12,,,-1106040000,KRW,-1000000
C465,C465.S_CM_24,All,Commodity,Risk_Commodity,Grains Corn,13,,,22120800000,KRW,20000000
C465,C465.S_CM_25,All,Commodity,Risk_Commodity,Grains Wheat,13,,,1106040000,KRW,1000000
C465,C465.S_CM_26,All,Commodity,Risk_Commodity,Softs Cocoa,14,,,11060400000,KRW,10000000
C465,C465.S_CM_27,All,Commodity,Risk_Commodity,Softs Cotton,14,,,-1106040000,KRW,-1000000
C465,C465.S_CM_28,All,Commodity,Risk_Commodity,Livestock Live Cattle,15,,,-11060400000,KRW,-10000000
C465,C465.S_CM_29,All,Commodity,Risk_Commodity,Livestock Lean Hogs,15,,,1106040000,KRW,1000000
C465,C465.S_CM_30,All,Commodity,Risk_Commodity,Ethanol,16,,,-27651000000,KRW,-25000000
C465,C465.S_CM_31,All,Commodity,Risk_Commodity,Random Length Lumber,16,,,-2212080000,KRW,-2000000
C465,C465.S_CM_32,All,Commodity,Risk_Commodity,Agriculture Index,17,,,1.44E+12,KRW,1300000000
C465,C465.S_CM_33,All,Credit,Risk_Commodity,Natural Gas Index,17,,,2212080000,KRW,2000000
C465,C465.S_FX_1,All,RatesFX,Risk_FX,EUR,,,,55302000000,KRW,50000000
C465,C465.S_FX_2,All,RatesFX,Risk_FX,EUR,,,,-55302000000,KRW,-50000000
C465,C465.S_FX_3,All,RatesFX,Risk_FX,EUR,,,,-6.64E+12,KRW,-6000000000
C465,C465.S_FX_4,All,RatesFX,Risk_FX,USD,,,,6.75E+11,KRW,610000000
C465,C465.S_FX_5,All,RatesFX,Risk_FX,GBP,,,,1.01E+12,KRW,910000000
C465,C465.S_FX_6,All,RatesFX,Risk_FX,EUR,,,,-9.95E+11,KRW,-900000000
C465,C465.S_FX_7,All,RatesFX,Risk_FX,CNY,,,,-2.21E+11,KRW,-200000000
C465,C465.S_FX_8,All,RatesFX,Risk_FX,KRW,,,,2.32E+11,KRW,210000000
C465,C465.S_FX_9,All,RatesFX,Risk_FX,TRY,,,,88483200000,KRW,80000000
C465,C465.S_FX_10,All,RatesFX,Risk_FX,BRL,,,,-3.32E+11,KRW,-300000000
C465,C465.S_FX_11,All,Credit,Risk_FX,BRL,,,,45347640000,KRW,41000000
C465,C465.S_FX_12,All,Credit,Risk_FX,QAR,,,,-44241600000,KRW,-40000000
C465,C465.S_IRV_1,All,RatesFX,Risk_IRVol,USD,,30y,,6.64E+11,KRW,600000000
C465,C465.S_IRV_2,All,RatesFX,Risk_IRVol,JPY,,20y,,2.21E+11,KRW,200000000
C465,C465.S_IRV_3,All,RatesFX,Risk_IRVol,CAD,,15y,,1.55E+11,KRW,140000000
C465,C465.S_IRV_4,All,RatesFX,Risk_IRVol,JPY,,10y,,2.21E+11,KRW,200000000
C465,C465.S_IRV_5,All,RatesFX,Risk_IRVol,INR,,5y,,99543600000,KRW,90000000
C465,C465.S_IRV_6,All,RatesFX,Risk_IRVol,EUR,,3y,,55302000000,KRW,50000000
C465,C465.S_IRV_7,All,RatesFX,Risk_IRVol,CNY,,2y,,55302000000,KRW,50000000
C465,C465.S_IRV_8,All,RatesFX,Risk_IRVol,RUB,,1y,,22120800000,KRW,20000000
C465,C465.S_IRV_9,All,RatesFX,Risk_IRVol,USD,,6m,,1.11E+11,KRW,100000000
C465,C465.S_IRV_10,All,RatesFX,Risk_IRVol,JPY,,3m,,1.11E+11,KRW,100000000
C465,C465.S_IRV_11,All,RatesFX,Risk_IRVol,CAD,,1m,,1.11E+11,KRW,100000000
C465,C465.S_IRV_12,All,RatesFX,Risk_IRVol,JPY,,2w,,1.11E+11,KRW,100000000
C465,C465.S_IRV_13,All,RatesFX,Risk_IRVol,EUR,,30y,,-1.11E+11,KRW,-100000000
C465,C465.S_IRV_14,All,RatesFX,Risk_IRVol,EUR,,20y,,-1.11E+11,KRW,-100000000
C465,C465.S_IRV_15,All,RatesFX,Risk_IRVol,JPY,,15y,,-1.11E+11,KRW,-100000000
C465,C465.S_IRV_16,All,RatesFX,Risk_InflationVol,USD,,30y,,88483200000,KRW,80000000
C465,C465.S_IRV_17,All,RatesFX,Risk_InflationVol,JPY,,20y,,44241600000,KRW,40000000
C465,C465.S_IRV_18,All,RatesFX,Risk_InflationVol,CAD,,20y,,22120800000,KRW,20000000
C465,C465.S_IRV_19,All,RatesFX,Risk_InflationVol,CAD,,10y,,11060400000,KRW,10000000
C465,C465.S_IRV_20,All,RatesFX,Risk_InflationVol,INR,,5y,,11060400000,KRW,10000000
C465,C465.S_CRV_1,All,Credit,Risk_CreditVol,ISIN:US1850531850,1,1y,USD,1.33E+11,KRW,120000000
C465,C465.S_CRV_2,All,Credit,Risk_CreditVol,ISIN:US1850531850,1,1y,GBP,66362400000,KRW,60000000
C465,C465.S_CRV_3,All,Credit,Risk_CreditVol,ISIN:US9800555990,1,3y,USD,33181200000,KRW,30000000
C465,C465.S_CRV_4,All,Credit,Risk_CreditVol,ISIN:CN0068511222,2,1y,CNY,2.21E+11,KRW,200000000
C465,C465.S_CRV_5,All,Credit,Risk_CreditVol,ISIN:CN0068511222,2,2y,CNY,-44241600000,KRW,-40000000
C465,C465.S_CRV_6,All,Credit,Risk_CreditVol,ISIN:CA2108230001,Residual,1y,USD,11060400000,KRW,10000000
C465,C465.S_CRV_7,All,Credit,Risk_CreditVol,ISIN:GB1086652888,Residual,5y,EUR,33181200000,KRW,30000000
C465,C465.S_CRV_8,All,Credit,Risk_CreditVol,ISIN:CA2108230001,Residual,10y,USD,-1.66E+11,KRW,-150000000
C465,C465.S_CNV_1,All,Credit,Risk_CreditVolNonQ,EU.IG,1,1y,CMBX,44241600000,KRW,40000000
C465,C465.S_CNV_2,All,Credit,Risk_CreditVolNonQ,US.IG,1,1y,CMBX,33181200000,KRW,30000000
C465,C465.S_CNV_3,All,Credit,Risk_CreditVolNonQ,US.IG,1,2y,CMBX,-22120800000,KRW,-20000000
C465,C465.S_CNV_4,All,Credit,Risk_CreditVolNonQ,CN.HY,2,3y,CMBX,-55302000000,KRW,-50000000
C465,C465.S_CNV_5,All,Credit,Risk_CreditVolNonQ,JP.HY,2,5y,ABX,22120800000,KRW,20000000
C465,C465.S_CNV_6,All,Credit,Risk_CreditVolNonQ,BR.HY,Residual,1y,CMBX,49771800000,KRW,45000000
C465,C465.S_CNV_7,All,Credit,Risk_CreditVolNonQ,RU.HY,Residual,5y,ABX,11060400000,KRW,10000000
C465,C465.S_CNV_8,All,Credit,Risk_CreditVolNonQ,BR.HY,Residual,10y,CMBX,27651000000,KRW,25000000
C465,C465.S_CNV_9,All,Credit,Risk_CreditVolNonQ,RU.HY,Residual,1y,ABX,16590600000,KRW,15000000
C465,C465.S_EQV_1,All,Equity,Risk_EquityVol,ISIN:AT000089755122,1,1m,,1327248000,KRW,1200000
C465,C465.S_EQV_2,All,Equity,Risk_EquityVol,ISIN:AT016188495495,1,3m,,1106040000,KRW,1000000
C465,C465.S_EQV_3,All,Equity,Risk_EquityVol,ISIN:AT000089755122,1,6m,,-3318120000,KRW,-3000000
C465,C465.S_EQV_4,All,Equity,Risk_EquityVol,ISIN:AU001159751155,2,1y,,-2212080000,KRW,-2000000
C465,C465.S_EQV_5,All,Equity,Risk_EquityVol,ISIN:AU003186678890,2,2y,,-1106040000,KRW,-1000000
C465,C465.S_EQV_6,All,Equity,Risk_EquityVol,ISIN:AU002189533177,5,3y,,16590600000,KRW,15000000
C465,C465.S_EQV_7,All,Equity,Risk_EquityVol,ISIN:CA842256904411,9,5y,,-442416000,KRW,-400000
C465,C465.S_EQV_8,All,Equity,Risk_EquityVol,ISIN:BR484898123123,10,10y,,2212080000,KRW,2000000
C465,C465.S_EQV_9,All,Equity,Risk_EquityVol,SPX,11,15y,,4.42E+11,KRW,400000000
C465,C465.S_EQV_10,All,Equity,Risk_EquityVol,SPX,11,20y,,-11060400000,KRW,-10000000
C465,C465.S_EQV_11,All,Equity,Risk_EquityVol,VIX,12,30y,,55302000000,KRW,50000000
C465,C465.S_EQV_12,All,Equity,Risk_EquityVol,ISIN:GB770459100599,Residual,10y,,442416000,KRW,400000
C465,C465.S_EQV_13,All,Equity,Risk_EquityVol,ISIN:CY180666897555,Residual,30y,,-553020000,KRW,-500000
C465,C465.S_FXV_1,All,RatesFX,Risk_FXVol,USDGBP,,3m,,26544960000,KRW,24000000
C465,C465.S_FXV_2,All,RatesFX,Risk_FXVol,USDGBP,,1y,,1.11E+11,KRW,100000000
C465,C465.S_FXV_3,All,RatesFX,Risk_FXVol,BRLUSD,,2y,,1.11E+11,KRW,100000000
C465,C465.S_FXV_4,All,RatesFX,Risk_FXVol,EURQAR,,1m,,-44241600000,KRW,-40000000
C465,C465.S_FXV_5,All,RatesFX,Risk_FXVol,HKDKRW,,6m,,-16590600000,KRW,-15000000
C465,C465.S_FXV_6,All,RatesFX,Risk_FXVol,CNYSGD,,3y,,13272480000,KRW,12000000
C465,C465.S_FXV_7,All,RatesFX,Risk_FXVol,RUBTRY,,5y,,-13272480000,KRW,-12000000
C465,C465.S_FXV_8,All,RatesFX,Risk_FXVol,KRWBRL,,10y,,33181200000,KRW,30000000
C465,C465.S_CMV_1,All,Commodity,Risk_CommodityVol,Coal Europe,1,2w,,4424160000,KRW,4000000
C465,C465.S_CMV_2,All,Commodity,Risk_CommodityVol,Coal Americas,1,1m,,3318120000,KRW,3000000
C465,C465.S_CMV_3,All,Commodity,Risk_CommodityVol,Coal Australia,1,3m,,-3318120000,KRW,-3000000
C465,C465.S_CMV_4,All,Commodity,Risk_CommodityVol,Crude oil Americas,2,6m,,-35393280000,KRW,-32000000
C465,C465.S_CMV_5,All,Commodity,Risk_CommodityVol,Crude oil Asia/Middle East,2,1y,,-11060400000,KRW,-10000000
C465,C465.S_CMV_6,All,Commodity,Risk_CommodityVol,Light Ends Americas,3,2y,,7189260000,KRW,6500000
C465,C465.S_CMV_7,All,Commodity,Risk_CommodityVol,NA Natural Gas Gulf Coast,6,3y,,33181200000,KRW,30000000
C465,C465.S_CMV_8,All,Commodity,Risk_CommodityVol,NA Power ERCOT,8,5y,,7742280000,KRW,7000000
C465,C465.S_CMV_9,All,Commodity,Risk_CommodityVol,Freight Dry,10,10y,,1106040000,KRW,1000000
C465,C465.S_CMV_10,All,Commodity,Risk_CommodityVol,Base Metals Copper,11,6m,,-7742280000,KRW,-7000000
C465,C465.S_CMV_11,All,Commodity,Risk_CommodityVol,Precious Metals Gold,12,1y,,13272480000,KRW,12000000
C465,C465.S_CMV_12,All,Commodity,Risk_CommodityVol,Grains Wheat,13,2y,,8848320000,KRW,8000000
C465,C465.S_CMV_13,All,Commodity,Risk_CommodityVol,Agriculture Index,17,15y,,9954360000,KRW,9000000
C465,C465.S_CMV_14,All,Commodity,Risk_CommodityVol,Natural Gas Index,17,20y,,-2212080000,KRW,-2000000
C465,C465.S_CMV_15,All,Commodity,Risk_CommodityVol,Ethanol,16,5y,,663624000,KRW,600000
C465,C465.S_CMV_16,All,Commodity,Risk_CommodityVol,Random Length Lumber,16,30y,,-774228000,KRW,-700000
